"0","surveydata_refined <- surveydata %>%"
"0","  select(Age=Q1...age,Race=Q2...race.ethnicity,Freshman=Q3...freshman,Live_on_Campus=Q4...live.on.campas,"
"0","         International=Q5...international.student,Experienced_Nonconsent=Q6...experienced.nonconsensual.sexual.contact.by.another.student,"
"0","         TitleXI_Feel=Q7...How.does.the.information.about.the.Title.IX.Mandate.make.you.feel.,"
"0","         After_Video=Q82...After.viewing.the.video.about.the.Title.IX.Mandate..how.do.you.think.you.would.behave.if.you.were.to.experience.nonconsensual.sexual.contact.by.another.student.,Who_Would_You_Tell=Q9...Who.would.you.tell.if.you.were.to.experience.nonconsensual.sexual.contact.,Decision_Ask_For_Help=Q10...How.do.you.believe.the.Title.IX.Mandate.would.affect.your.decision.to.ask.for.help.from.CARE..victim.advocacy...Student.Health..or.Counseling.Services.if.you.were.to.experience.nonconsensual.sexual.contact.,"
"0","         Handle_Private_Information=Q11...How.do.you.want.Resident.Assistants..professors..and.student.employees.of.the.university.to.handle.your.private.information.if.you.tell.them.you.experienced.nonconsensual.sexual.contact.,Affect_Relationships=Q12...How.might.the.Title.IX.Mandate.to.report.nonconsensual.sexual.contact.affect.your.relationship.with.your.friends.and.other.students.,"
"0","         Affect_Safety=Q13...How.does.the.Title.IX.Mandate.affect.your.safety.within.the.campus.community.,"
"0","         Employees_Not_Required=Q14...Which.university.employees.are.not.required.to.report.information.about.nonconsensual.sexual.contact.to.a.Title.IX.Coordinator.,Employees_Required=Q15...Which.university.employees.are.required.to.report.information.about.nonconsensual.sexual.contact.to.a.Title.IX.Coordinator.,Arrangements_For_Victims=Q16...What.living.and.classroom.arrangements.do.you.believe.the.university.should.make.for.the.student.who.experiences.nonconsensual.sexual.contact.by.another.student.,"
"0","         Suspect_Post_Action=Q17...What.should.the.university.do.to.or.for.the.student.who.is.suspected.of.causing.nonconsensual.sexual.contact.to.another.student.,Express_Feelings_To_Counselor=Q18...If.you.were.to.experience.nonconsensual.sexual.contact.caused.by.another.student..how.would.you.feel.about.telling.that.student.how.his.or.her.actions.affected.you.if.a.professionally.trained.counselor.were.there.to.help.you.through.it.,Ideal_Campus=Q19...What.does.an.ideal.campus.community.look.like.to.you.,"
"0","         CreateAndMaintain=Q20...What.can.you.and.other.students.do.to.create.and.maintain.an.ideal.campus.community.)"
"0","glimpse(surveydata_refined)"
"1","Observations: 204
"
"1","Variables: 20
"
"1","$ Age                           [3m[38;5;246m<chr>[39m[23m ""19 years old"", ""18 years old"", ""19 years old"", ""19 years old"", ""19 years old"", ""18 years...
"
"1","$ Race                          [3m[38;5;246m<chr>[39m[23m ""Hispanic"", ""White / Caucasian"", ""White / Caucasian"", ""Hispanic"", ""White / Caucasian"", ""W...
"
"1","$ Freshman                      [3m[38;5;246m<chr>[39m[23m ""Yes"", ""Yes"", ""Yes"", ""Yes"", ""Yes"", ""Yes"", ""Yes"", ""Yes"", ""Yes"", ""Yes"", ""Yes"", ""Yes"", ""Yes""...
"
"1","$ Live_on_Campus                [3m[38;5;246m<chr>[39m[23m ""Yes"", ""Yes"", ""Yes"", ""Yes"", ""Yes"", ""Yes"", ""Yes"", ""Yes"", ""Yes"", ""Yes"", ""Yes"", ""Yes"", ""Yes""...
"
"1","$ International                 [3m[38;5;246m<chr>[39m[23m ""No"", ""No"", ""No"", ""No"", ""No"", ""No"", ""No"", ""No"", ""No"", ""No"", ""No"", ""No"", ""No"", ""No"", ""No"",...
"
"1","$ Experienced_Nonconsent        [3m[38;5;246m<chr>[39m[23m ""it wasn't sexual but a guy has grabbed my hips and butt at a party and made a sexual rem...
"
"1","$ TitleXI_Feel                  [3m[38;5;246m<chr>[39m[23m ""I feel like it deters college students from reaching out to others for help"", ""disturbed...
"
"1","$ After_Video                   [3m[38;5;246m<chr>[39m[23m ""I think I would first confide in my roommate and then ask for her social support to reac...
"
"1","$ Who_Would_You_Tell            [3m[38;5;246m<chr>[39m[23m ""I would definitely tell my roommate and make another friend and then I would get checked...
"
"1","$ Decision_Ask_For_Help         [3m[38;5;246m<chr>[39m[23m ""I don't think it would affect it at all"", ""Respondent skipped this question"", ""I would p...
"
"1","$ Handle_Private_Information    [3m[38;5;246m<chr>[39m[23m ""I would rather it be kept confidential"", ""If it happened to me and I told my RA, the las...
"
"1","$ Affect_Relationships          [3m[38;5;246m<chr>[39m[23m ""I don't think it would affect my relationships at all"", ""Respondent skipped this questio...
"
"1","$ Affect_Safety                 [3m[38;5;246m<chr>[39m[23m ""I believe it keeps the campus safer if it is reported"", ""Respondent skipped this questio...
"
"1","$ Employees_Not_Required        [3m[38;5;246m<chr>[39m[23m ""Friends,Health Care Providers,Mental Health Counselors"", ""Respondent skipped this questi...
"
"1","$ Employees_Required            [3m[38;5;246m<chr>[39m[23m ""Resident Assistants,Professors,Victim Advocates,Peer Educators,,"", ""Respondent skipped t...
"
"1","$ Arrangements_For_Victims      [3m[38;5;246m<chr>[39m[23m ""I don't think any should be made unless the victim wants it. If I experienced nonconsens...
"
"1","$ Suspect_Post_Action           [3m[38;5;246m<chr>[39m[23m ""I believe that the student should be monitored more closely"", ""Respondent skipped this q...
"
"1","$ Express_Feelings_To_Counselor [3m[38;5;246m<chr>[39m[23m ""I would not like that because the person who did it probably doesn't care and I would ju...
"
"1","$ Ideal_Campus                  [3m[38;5;246m<chr>[39m[23m ""An even ratio between girls and boys and plenty of resources for everything and anything...
"
"1","$ CreateAndMaintain             [3m[38;5;246m<chr>[39m[23m ""Always offer social support and keep an eye out at parties for weird activities, even if...
"
