"0","new_sentiments <- sentiments %>% "
"0","  filter(lexicon != ""loughran"") %>% "
"0","  mutate( sentiment = ifelse(lexicon == ""afinn"" & score >= 0, ""positive"", "
"0","                             ifelse(lexicon == ""afinn"" & score < 0, ""negative"", sentiment))) %>% "
"0","  group_by(lexicon) %>% "
"0","  mutate(words_in_lexicon = n_distinct(word)) %>% "
"0","  ungroup()"
"0","tidy_survey %>% "
"0","  mutate(words_in_comments = n_distinct(word)) %>% "
"0","  inner_join(new_sentiments) %>% "
"0","  group_by(lexicon, words_in_comments, words_in_lexicon) %>% "
"0","  summarise(lex_match_words = n_distinct(word)) %>% "
"0","  ungroup() %>% "
"0","  mutate(total_match_words = sum(lex_match_words), "
"0","         match_ratio = lex_match_words / words_in_comments) %>% "
"0","  select(lexicon, lex_match_words, words_in_comments, match_ratio)"
"2","Joining, by = ""word""
"
