"0","fix.contractions <- function(doc) { "
"0","  doc <- gsub(""won't"", ""will not"", doc) "
"0","  doc <- gsub(""can't"", ""can not"", doc) "
"0","  doc <- gsub(""n't"", "" not"", doc) "
"0","  doc <- gsub(""'ll"", "" will"", doc) "
"0","  doc <- gsub(""'re"", "" are"", doc) "
"0","  doc <- gsub(""'ve"", "" have"", doc) "
"0","  doc <- gsub(""'m"", "" am"", doc) "
"0","  doc <- gsub(""'d"", "" would"", doc) "
"0","  doc <- gsub(""'s"", """", doc) "
"0","  return(doc) }"
"0","survey_maintain$CreateAndMaintain <- sapply(survey_maintain$CreateAndMaintain, fix.contractions)"
"0","tidy_survey <- survey_maintain %>%"
"0","  unnest_tokens(""word"",CreateAndMaintain)"
"0","data(""stop_words"")"
"0","undesirable_words1 <- c(""skipped"",""respondent"",""question"")"
"0","tidy_survey <- tidy_survey %>% "
"0","  filter(!word %in% undesirable_words1) %>% "
"0","  anti_join(stop_words) %>% "
"0","  filter(!nchar(word) < 3, "
"0","         !str_detect(word, ""^\\b\\d+\\b""), "
"0","         !str_detect(word, ""\\s+""), "
"0","         !str_detect(word, ""[^a-zA-Z]""))"
"2","Joining, by = ""word""
"
