"0","surveydata = read.csv(""survey.csv"", stringsAsFactors = FALSE)"
"0","glimpse(surveydata)"
"1","Observations: 204
"
"1","Variables: 34
"
"1","$ Q1...age                                                                                                                                                                                                                                           [3m[38;5;246m<chr>[39m[23m ...
"
"1","$ Q2...race.ethnicity                                                                                                                                                                                                                                [3m[38;5;246m<chr>[39m[23m ...
"
"1","$ Q3...freshman                                                                                                                                                                                                                                      [3m[38;5;246m<chr>[39m[23m ...
"
"1","$ Q4...live.on.campas                                                                                                                                                                                                                                [3m[38;5;246m<chr>[39m[23m ...
"
"1","$ Q5...international.student                                                                                                                                                                                                                         [3m[38;5;246m<chr>[39m[23m ...
"
"1","$ Q6...experienced.nonconsensual.sexual.contact.by.another.student                                                                                                                                                                                   [3m[38;5;246m<chr>[39m[23m ...
"
"1","$ Q7...How.does.the.information.about.the.Title.IX.Mandate.make.you.feel.                                                                                                                                                                            [3m[38;5;246m<chr>[39m[23m ...
"
"1","$ Q82...After.viewing.the.video.about.the.Title.IX.Mandate..how.do.you.think.you.would.behave.if.you.were.to.experience.nonconsensual.sexual.contact.by.another.student.                                                                             [3m[38;5;246m<chr>[39m[23m ...
"
"1","$ Q9...Who.would.you.tell.if.you.were.to.experience.nonconsensual.sexual.contact.                                                                                                                                                                    [3m[38;5;246m<chr>[39m[23m ...
"
"1","$ Q10...How.do.you.believe.the.Title.IX.Mandate.would.affect.your.decision.to.ask.for.help.from.CARE..victim.advocacy...Student.Health..or.Counseling.Services.if.you.were.to.experience.nonconsensual.sexual.contact.                               [3m[38;5;246m<chr>[39m[23m ...
"
"1","$ Q11...How.do.you.want.Resident.Assistants..professors..and.student.employees.of.the.university.to.handle.your.private.information.if.you.tell.them.you.experienced.nonconsensual.sexual.contact.                                                   [3m[38;5;246m<chr>[39m[23m ...
"
"1","$ Q12...How.might.the.Title.IX.Mandate.to.report.nonconsensual.sexual.contact.affect.your.relationship.with.your.friends.and.other.students.                                                                                                         [3m[38;5;246m<chr>[39m[23m ...
"
"1","$ Q13...How.does.the.Title.IX.Mandate.affect.your.safety.within.the.campus.community.                                                                                                                                                                [3m[38;5;246m<chr>[39m[23m ...
"
"1","$ Q14...Which.university.employees.are.not.required.to.report.information.about.nonconsensual.sexual.contact.to.a.Title.IX.Coordinator.                                                                                                              [3m[38;5;246m<chr>[39m[23m ...
"
"1","$ Q15...Which.university.employees.are.required.to.report.information.about.nonconsensual.sexual.contact.to.a.Title.IX.Coordinator.                                                                                                                  [3m[38;5;246m<chr>[39m[23m ...
"
"1","$ Q16...What.living.and.classroom.arrangements.do.you.believe.the.university.should.make.for.the.student.who.experiences.nonconsensual.sexual.contact.by.another.student.                                                                            [3m[38;5;246m<chr>[39m[23m ...
"
"1","$ Q17...What.should.the.university.do.to.or.for.the.student.who.is.suspected.of.causing.nonconsensual.sexual.contact.to.another.student.                                                                                                             [3m[38;5;246m<chr>[39m[23m ...
"
"1","$ Q18...If.you.were.to.experience.nonconsensual.sexual.contact.caused.by.another.student..how.would.you.feel.about.telling.that.student.how.his.or.her.actions.affected.you.if.a.professionally.trained.counselor.were.there.to.help.you.through.it. [3m[38;5;246m<chr>[39m[23m ...
"
"1","$ Q19...What.does.an.ideal.campus.community.look.like.to.you.                                                                                                                                                                                        [3m[38;5;246m<chr>[39m[23m ...
"
"1","$ Q20...What.can.you.and.other.students.do.to.create.and.maintain.an.ideal.campus.community.                                                                                                                                                         [3m[38;5;246m<chr>[39m[23m ...
"
"1","$ X                                                                                                                                                                                                                                                  [3m[38;5;246m<lgl>[39m[23m ...
"
"1","$ X.1                                                                                                                                                                                                                                                [3m[38;5;246m<lgl>[39m[23m ...
"
"1","$ X.2                                                                                                                                                                                                                                                [3m[38;5;246m<lgl>[39m[23m ...
"
"1","$ X.3                                                                                                                                                                                                                                                [3m[38;5;246m<lgl>[39m[23m ...
"
"1","$ X.4                                                                                                                                                                                                                                                [3m[38;5;246m<lgl>[39m[23m ...
"
"1","$ X.5                                                                                                                                                                                                                                                [3m[38;5;246m<lgl>[39m[23m ...
"
"1","$ X.6                                                                                                                                                                                                                                                [3m[38;5;246m<lgl>[39m[23m ...
"
"1","$ X.7                                                                                                                                                                                                                                                [3m[38;5;246m<lgl>[39m[23m ...
"
"1","$ X.8                                                                                                                                                                                                                                                [3m[38;5;246m<lgl>[39m[23m ...
"
"1","$ X.9                                                                                                                                                                                                                                                [3m[38;5;246m<lgl>[39m[23m ...
"
"1","$ X.10                                                                                                                                                                                                                                               [3m[38;5;246m<lgl>[39m[23m ...
"
"1","$ X.11                                                                                                                                                                                                                                               [3m[38;5;246m<lgl>[39m[23m ...
"
"1","$ X.12                                                                                                                                                                                                                                               [3m[38;5;246m<lgl>[39m[23m ...
"
"1","$ X.13                                                                                                                                                                                                                                               [3m[38;5;246m<chr>[39m[23m ...
"
